row_type,dataset,network_seed,pair_index,item_1,item_2,learned,mean_accuracy,beta_alpha,beta_beta,beta_class,subject_id,pair,pair_accuracy,threshold_percent,proportion,lower,upper,analysis_subjects
pair,human,,0,A,B,false,0.794805194805,0.542405416166,0.258941486485,bimodal,,,,,,,,
pair,human,,1,A,C,false,0.837662337662,0.658899979823,0.262635900101,bimodal,,,,,,,,
pair,human,,2,A,D,false,0.888311688312,1.13022890934,0.294214826471,high_accuracy,,,,,,,,
pair,human,,3,A,E,false,0.912987012987,1.52009464456,0.304004826948,high_accuracy,,,,,,,,
pair,human,,4,A,F,true,0.964935064935,8.25446093398,0.490812504218,high_accuracy,,,,,,,,
pair,human,,5,A,G,false,0.914285714286,1.11439489864,0.257060994862,high_accuracy,,,,,,,,
pair,human,,6,A,H,true,0.984415584416,21.1574533913,0.64990479533,high_accuracy,,,,,,,,
pair,human,,7,B,C,true,0.850649350649,1.2904707921,0.355434372732,high_accuracy,,,,,,,,
pair,human,,8,B,D,false,0.785714285714,0.51519563378,0.261408499579,bimodal,,,,,,,,
pair,human,,9,B,E,true,0.922077922078,1.79138019033,0.321307957101,high_accuracy,,,,,,,,
pair,human,,10,B,F,false,0.864935064935,0.896941666355,0.274501407679,bimodal,,,,,,,,
pair,human,,11,B,G,false,0.946753246753,1.73001126602,0.281685566195,high_accuracy,,,,,,,,
pair,human,,12,B,H,false,0.993506493506,43.3511549801,0.36851884701,high_accuracy,,,,,,,,
pair,human,,13,C,D,false,0.693506493506,0.500112066492,0.32774356402,bimodal,,,,,,,,
pair,human,,14,C,E,false,0.864935064935,0.978910090833,0.287781234556,bimodal,,,,,,,,
pair,human,,15,C,F,false,0.832467532468,0.734381217694,0.273004453952,bimodal,,,,,,,,
pair,human,,16,C,G,true,0.897402597403,0.954115534205,0.268037556117,bimodal,,,,,,,,
pair,human,,17,C,H,false,0.987012987013,39.3904976234,0.932263422361,high_accuracy,,,,,,,,
pair,human,,18,D,E,false,0.692207792208,0.447089665773,0.297920524506,bimodal,,,,,,,,
pair,human,,19,D,F,true,0.872727272727,1.40245427659,0.331146130247,high_accuracy,,,,,,,,
pair,human,,20,D,G,true,0.854545454545,0.811941836109,0.26895646165,bimodal,,,,,,,,
pair,human,,21,D,H,false,0.936363636364,1.93948115624,0.300472015828,high_accuracy,,,,,,,,
pair,human,,22,E,F,false,0.645454545455,0.442181640202,0.30882499475,bimodal,,,,,,,,
pair,human,,23,E,G,false,0.688311688312,0.393717774959,0.272123483369,bimodal,,,,,,,,
pair,human,,24,E,H,true,0.964935064935,10.621688093,0.571968187659,high_accuracy,,,,,,,,
pair,human,,25,F,G,false,0.642857142857,0.385689830261,0.290349432798,bimodal,,,,,,,,
pair,human,,26,F,H,false,0.850649350649,0.847253276697,0.278185926449,bimodal,,,,,,,,
pair,human,,27,G,H,false,0.781818181818,0.548893598041,0.264572341789,bimodal,,,,,,,,
pair,2104,2104,0,A,B,false,0.723376623377,0.297364264808,0.175893183444,bimodal,,,,,,,,
pair,2104,2104,1,A,C,false,0.82987012987,0.361028151897,0.150294550991,bimodal,,,,,,,,
pair,2104,2104,2,A,D,false,0.820779220779,0.43440514229,0.164942107417,bimodal,,,,,,,,
pair,2104,2104,3,A,E,false,0.868831168831,0.420820871542,0.144984506415,bimodal,,,,,,,,
pair,2104,2104,4,A,F,true,0.942857142857,1.03807650812,0.169112756825,high_accuracy,,,,,,,,
pair,2104,2104,5,A,G,false,0.983116883117,12.0726297417,0.260969637049,high_accuracy,,,,,,,,
pair,2104,2104,6,A,H,true,0.98961038961,25.4691227125,0.325456432364,high_accuracy,,,,,,,,
pair,2104,2104,7,B,C,true,0.812987012987,1.20558334631,0.25413026043,high_accuracy,,,,,,,,
pair,2104,2104,8,B,D,false,0.771428571429,0.437817054196,0.189964745382,bimodal,,,,,,,,
pair,2104,2104,9,B,E,true,0.914285714286,0.813420200321,0.162117232333,bimodal,,,,,,,,
pair,2104,2104,10,B,F,false,0.915584415584,0.849489203721,0.165516010941,bimodal,,,,,,,,
pair,2104,2104,11,B,G,false,0.984415584416,6.03291060489,0.214955364595,high_accuracy,,,,,,,,
pair,2104,2104,12,B,H,false,0.981818181818,5.59769682403,0.214783665826,high_accuracy,,,,,,,,
pair,2104,2104,13,C,D,false,0.57012987013,0.271373715958,0.228620957514,bimodal,,,,,,,,
pair,2104,2104,14,C,E,false,0.767532467532,0.371436811867,0.182409166308,bimodal,,,,,,,,
pair,2104,2104,15,C,F,false,0.827272727273,0.44437817709,0.165534091298,bimodal,,,,,,,,
pair,2104,2104,16,C,G,true,0.966233766234,4.66782776923,0.220183919051,high_accuracy,,,,,,,,
pair,2104,2104,17,C,H,false,0.951948051948,3.53915230288,0.21844977763,high_accuracy,,,,,,,,
pair,2104,2104,18,D,E,false,0.655844155844,0.264086642267,0.182704350805,bimodal,,,,,,,,
pair,2104,2104,19,D,F,true,0.9,0.821042018757,0.169403960999,bimodal,,,,,,,,
pair,2104,2104,20,D,G,true,0.949350649351,2.77766615546,0.19900737122,high_accuracy,,,,,,,,
pair,2104,2104,21,D,H,false,0.927272727273,0.908435357303,0.163553547158,bimodal,,,,,,,,
pair,2104,2104,22,E,F,false,0.618181818182,0.222587252844,0.175107385618,bimodal,,,,,,,,
pair,2104,2104,23,E,G,false,0.836363636364,0.569056265062,0.185239889828,bimodal,,,,,,,,
pair,2104,2104,24,E,H,true,0.925974025974,1.1021610641,0.172723122461,high_accuracy,,,,,,,,
pair,2104,2104,25,F,G,false,0.683116883117,0.295010061534,0.183545796832,bimodal,,,,,,,,
pair,2104,2104,26,F,H,false,0.737662337662,0.296404250953,0.172644879395,bimodal,,,,,,,,
pair,2104,2104,27,G,H,false,0.616883116883,0.268567520338,0.195038624167,bimodal,,,,,,,,
pair,2105,2105,0,A,B,false,0.698701298701,0.295925366498,0.179479434934,bimodal,,,,,,,,
pair,2105,2105,1,A,C,false,0.818181818182,0.363083708587,0.151977406415,bimodal,,,,,,,,
pair,2105,2105,2,A,D,false,0.836363636364,0.447138018103,0.158302386357,bimodal,,,,,,,,
pair,2105,2105,3,A,E,false,0.868831168831,0.458261799634,0.146458386719,bimodal,,,,,,,,
pair,2105,2105,4,A,F,true,0.950649350649,1.43707837794,0.175671400481,high_accuracy,,,,,,,,
pair,2105,2105,5,A,G,false,0.977922077922,8.52730007282,0.243567337201,high_accuracy,,,,,,,,
pair,2105,2105,6,A,H,true,0.994805194805,59.7044429306,0.399134994601,high_accuracy,,,,,,,,
pair,2105,2105,7,B,C,true,0.818181818182,1.37370004082,0.282915684771,high_accuracy,,,,,,,,
pair,2105,2105,8,B,D,false,0.732467532468,0.357575379608,0.181707124149,bimodal,,,,,,,,
pair,2105,2105,9,B,E,true,0.925974025974,1.24036373821,0.180709642549,high_accuracy,,,,,,,,
pair,2105,2105,10,B,F,false,0.923376623377,1.16280801337,0.172673568234,high_accuracy,,,,,,,,
pair,2105,2105,11,B,G,false,0.985714285714,11.7418997684,0.2496757009,high_accuracy,,,,,,,,
pair,2105,2105,12,B,H,false,0.981818181818,5.72460428703,0.21527325271,high_accuracy,,,,,,,,
pair,2105,2105,13,C,D,false,0.577922077922,0.279066160151,0.217519929745,bimodal,,,,,,,,
pair,2105,2105,14,C,E,false,0.768831168831,0.411201806003,0.183648514987,bimodal,,,,,,,,
pair,2105,2105,15,C,F,false,0.835064935065,0.607157425935,0.178244311899,bimodal,,,,,,,,
pair,2105,2105,16,C,G,true,0.968831168831,4.72050809421,0.216864336937,high_accuracy,,,,,,,,
pair,2105,2105,17,C,H,false,0.964935064935,4.85701937512,0.227193583576,high_accuracy,,,,,,,,
pair,2105,2105,18,D,E,false,0.680519480519,0.298997953019,0.180761938095,bimodal,,,,,,,,
pair,2105,2105,19,D,F,true,0.906493506494,1.11737467642,0.182407114387,high_accuracy,,,,,,,,
pair,2105,2105,20,D,G,true,0.961038961039,3.40354547525,0.207990942804,high_accuracy,,,,,,,,
pair,2105,2105,21,D,H,false,0.925974025974,0.763970747196,0.156875376316,bimodal,,,,,,,,
pair,2105,2105,22,E,F,false,0.619480519481,0.241839212118,0.179812495905,bimodal,,,,,,,,
pair,2105,2105,23,E,G,false,0.854545454545,0.61152780011,0.182520589112,bimodal,,,,,,,,
pair,2105,2105,24,E,H,true,0.925974025974,1.83843762725,0.197399901146,high_accuracy,,,,,,,,
pair,2105,2105,25,F,G,false,0.675324675325,0.286670132346,0.187261356605,bimodal,,,,,,,,
pair,2105,2105,26,F,H,false,0.718181818182,0.309372597332,0.174975611305,bimodal,,,,,,,,
pair,2105,2105,27,G,H,false,0.661038961039,0.30249670257,0.189751280187,bimodal,,,,,,,,
figure_2b_subject,human,,,,,,,,,,1,C-D,1,,,,,
figure_2b_subject,human,,,,,,,,,,2,C-D,0.8,,,,,
figure_2b_subject,human,,,,,,,,,,3,C-D,0.8,,,,,
figure_2b_subject,human,,,,,,,,,,4,C-D,1,,,,,
figure_2b_subject,human,,,,,,,,,,5,C-D,1,,,,,
figure_2b_subject,human,,,,,,,,,,6,C-D,0,,,,,
figure_2b_subject,human,,,,,,,,,,7,C-D,0.5,,,,,
figure_2b_subject,human,,,,,,,,,,8,C-D,0,,,,,
figure_2b_subject,human,,,,,,,,,,9,C-D,0.6,,,,,
figure_2b_subject,human,,,,,,,,,,10,C-D,1,,,,,
figure_2b_subject,human,,,,,,,,,,11,C-D,0.3,,,,,
figure_2b_subject,human,,,,,,,,,,12,C-D,0,,,,,
figure_2b_subject,human,,,,,,,,,,13,C-D,0.9,,,,,
figure_2b_subject,human,,,,,,,,,,16,C-D,1,,,,,
figure_2b_subject,human,,,,,,,,,,17,C-D,1,,,,,
figure_2b_subject,human,,,,,,,,,,18,C-D,1,,,,,
figure_2b_subject,human,,,,,,,,,,20,C-D,0.9,,,,,
figure_2b_subject,human,,,,,,,,,,21,C-D,0,,,,,
figure_2b_subject,human,,,,,,,,,,22,C-D,0.9,,,,,
figure_2b_subject,human,,,,,,,,,,23,C-D,0.9,,,,,
figure_2b_subject,human,,,,,,,,,,24,C-D,0.8,,,,,
figure_2b_subject,human,,,,,,,,,,25,C-D,0.9,,,,,
figure_2b_subject,human,,,,,,,,,,26,C-D,1,,,,,
figure_2b_subject,human,,,,,,,,,,27,C-D,0.8,,,,,
figure_2b_subject,human,,,,,,,,,,28,C-D,0.2,,,,,
figure_2b_subject,human,,,,,,,,,,29,C-D,1,,,,,
figure_2b_subject,human,,,,,,,,,,30,C-D,0.8,,,,,
figure_2b_subject,human,,,,,,,,,,31,C-D,0.8,,,,,
figure_2b_subject,human,,,,,,,,,,32,C-D,1,,,,,
figure_2b_subject,human,,,,,,,,,,33,C-D,0.4,,,,,
figure_2b_subject,human,,,,,,,,,,34,C-D,0.9,,,,,
figure_2b_subject,human,,,,,,,,,,35,C-D,0.7,,,,,
figure_2b_subject,human,,,,,,,,,,36,C-D,1,,,,,
figure_2b_subject,human,,,,,,,,,,37,C-D,0,,,,,
figure_2b_subject,human,,,,,,,,,,38,C-D,1,,,,,
figure_2b_subject,human,,,,,,,,,,39,C-D,0.2,,,,,
figure_2b_subject,human,,,,,,,,,,40,C-D,0.9,,,,,
figure_2b_subject,human,,,,,,,,,,41,C-D,0.9,,,,,
figure_2b_subject,human,,,,,,,,,,42,C-D,0,,,,,
figure_2b_subject,human,,,,,,,,,,43,C-D,0.9,,,,,
figure_2b_subject,human,,,,,,,,,,44,C-D,1,,,,,
figure_2b_subject,human,,,,,,,,,,45,C-D,1,,,,,
figure_2b_subject,human,,,,,,,,,,46,C-D,0.8,,,,,
figure_2b_subject,human,,,,,,,,,,47,C-D,0.3,,,,,
figure_2b_subject,human,,,,,,,,,,48,C-D,1,,,,,
figure_2b_subject,human,,,,,,,,,,49,C-D,0,,,,,
figure_2b_subject,human,,,,,,,,,,51,C-D,1,,,,,
figure_2b_subject,human,,,,,,,,,,52,C-D,0.6,,,,,
figure_2b_subject,human,,,,,,,,,,53,C-D,1,,,,,
figure_2b_subject,human,,,,,,,,,,54,C-D,0,,,,,
figure_2b_subject,human,,,,,,,,,,55,C-D,1,,,,,
figure_2b_subject,human,,,,,,,,,,57,C-D,0,,,,,
figure_2b_subject,human,,,,,,,,,,58,C-D,1,,,,,
figure_2b_subject,human,,,,,,,,,,60,C-D,1,,,,,
figure_2b_subject,human,,,,,,,,,,61,C-D,0,,,,,
figure_2b_subject,human,,,,,,,,,,63,C-D,1,,,,,
figure_2b_subject,human,,,,,,,,,,64,C-D,0.9,,,,,
figure_2b_subject,human,,,,,,,,,,65,C-D,0,,,,,
figure_2b_subject,human,,,,,,,,,,66,C-D,0.1,,,,,
figure_2b_subject,human,,,,,,,,,,67,C-D,0.1,,,,,
figure_2b_subject,human,,,,,,,,,,68,C-D,1,,,,,
figure_2b_subject,human,,,,,,,,,,69,C-D,0.8,,,,,
figure_2b_subject,human,,,,,,,,,,71,C-D,0.4,,,,,
figure_2b_subject,human,,,,,,,,,,72,C-D,0,,,,,
figure_2b_subject,human,,,,,,,,,,73,C-D,0.9,,,,,
figure_2b_subject,human,,,,,,,,,,74,C-D,0.8,,,,,
figure_2b_subject,human,,,,,,,,,,75,C-D,1,,,,,
figure_2b_subject,human,,,,,,,,,,76,C-D,0.7,,,,,
figure_2b_subject,human,,,,,,,,,,77,C-D,1,,,,,
figure_2b_subject,2104,2104,,,,,,,,,1,C-D,0,,,,,
figure_2b_subject,2104,2104,,,,,,,,,2,C-D,1,,,,,
figure_2b_subject,2104,2104,,,,,,,,,3,C-D,0.4,,,,,
figure_2b_subject,2104,2104,,,,,,,,,4,C-D,0.8,,,,,
figure_2b_subject,2104,2104,,,,,,,,,5,C-D,0.5,,,,,
figure_2b_subject,2104,2104,,,,,,,,,6,C-D,0,,,,,
figure_2b_subject,2104,2104,,,,,,,,,7,C-D,0.4,,,,,
figure_2b_subject,2104,2104,,,,,,,,,8,C-D,1,,,,,
figure_2b_subject,2104,2104,,,,,,,,,9,C-D,0,,,,,
figure_2b_subject,2104,2104,,,,,,,,,10,C-D,1,,,,,
figure_2b_subject,2104,2104,,,,,,,,,11,C-D,1,,,,,
figure_2b_subject,2104,2104,,,,,,,,,12,C-D,1,,,,,
figure_2b_subject,2104,2104,,,,,,,,,13,C-D,1,,,,,
figure_2b_subject,2104,2104,,,,,,,,,14,C-D,0.1,,,,,
figure_2b_subject,2104,2104,,,,,,,,,15,C-D,0.5,,,,,
figure_2b_subject,2104,2104,,,,,,,,,16,C-D,0.3,,,,,
figure_2b_subject,2104,2104,,,,,,,,,17,C-D,0,,,,,
figure_2b_subject,2104,2104,,,,,,,,,18,C-D,0.2,,,,,
figure_2b_subject,2104,2104,,,,,,,,,19,C-D,0.9,,,,,
figure_2b_subject,2104,2104,,,,,,,,,20,C-D,1,,,,,
figure_2b_subject,2104,2104,,,,,,,,,21,C-D,0.5,,,,,
figure_2b_subject,2104,2104,,,,,,,,,22,C-D,0.1,,,,,
figure_2b_subject,2104,2104,,,,,,,,,24,C-D,1,,,,,
figure_2b_subject,2104,2104,,,,,,,,,26,C-D,1,,,,,
figure_2b_subject,2104,2104,,,,,,,,,27,C-D,0,,,,,
figure_2b_subject,2104,2104,,,,,,,,,28,C-D,0,,,,,
figure_2b_subject,2104,2104,,,,,,,,,29,C-D,0.6,,,,,
figure_2b_subject,2104,2104,,,,,,,,,30,C-D,0.7,,,,,
figure_2b_subject,2104,2104,,,,,,,,,31,C-D,1,,,,,
figure_2b_subject,2104,2104,,,,,,,,,32,C-D,0.7,,,,,
figure_2b_subject,2104,2104,,,,,,,,,33,C-D,1,,,,,
figure_2b_subject,2104,2104,,,,,,,,,34,C-D,0.5,,,,,
figure_2b_subject,2104,2104,,,,,,,,,36,C-D,0,,,,,
figure_2b_subject,2104,2104,,,,,,,,,37,C-D,0.1,,,,,
figure_2b_subject,2104,2104,,,,,,,,,38,C-D,0.8,,,,,
figure_2b_subject,2104,2104,,,,,,,,,40,C-D,1,,,,,
figure_2b_subject,2104,2104,,,,,,,,,41,C-D,0.6,,,,,
figure_2b_subject,2104,2104,,,,,,,,,42,C-D,0.1,,,,,
figure_2b_subject,2104,2104,,,,,,,,,43,C-D,1,,,,,
figure_2b_subject,2104,2104,,,,,,,,,44,C-D,0.3,,,,,
figure_2b_subject,2104,2104,,,,,,,,,45,C-D,1,,,,,
figure_2b_subject,2104,2104,,,,,,,,,46,C-D,1,,,,,
figure_2b_subject,2104,2104,,,,,,,,,47,C-D,0.4,,,,,
figure_2b_subject,2104,2104,,,,,,,,,48,C-D,1,,,,,
figure_2b_subject,2104,2104,,,,,,,,,49,C-D,0.4,,,,,
figure_2b_subject,2104,2104,,,,,,,,,50,C-D,0.7,,,,,
figure_2b_subject,2104,2104,,,,,,,,,51,C-D,0.1,,,,,
figure_2b_subject,2104,2104,,,,,,,,,52,C-D,0,,,,,
figure_2b_subject,2104,2104,,,,,,,,,53,C-D,0.5,,,,,
figure_2b_subject,2104,2104,,,,,,,,,54,C-D,1,,,,,
figure_2b_subject,2104,2104,,,,,,,,,55,C-D,1,,,,,
figure_2b_subject,2104,2104,,,,,,,,,56,C-D,0,,,,,
figure_2b_subject,2104,2104,,,,,,,,,57,C-D,0.9,,,,,
figure_2b_subject,2104,2104,,,,,,,,,59,C-D,0.1,,,,,
figure_2b_subject,2104,2104,,,,,,,,,60,C-D,0,,,,,
figure_2b_subject,2104,2104,,,,,,,,,61,C-D,0.3,,,,,
figure_2b_subject,2104,2104,,,,,,,,,62,C-D,0,,,,,
figure_2b_subject,2104,2104,,,,,,,,,63,C-D,0,,,,,
figure_2b_subject,2104,2104,,,,,,,,,64,C-D,0.1,,,,,
figure_2b_subject,2104,2104,,,,,,,,,65,C-D,0.6,,,,,
figure_2b_subject,2104,2104,,,,,,,,,67,C-D,1,,,,,
figure_2b_subject,2104,2104,,,,,,,,,68,C-D,1,,,,,
figure_2b_subject,2104,2104,,,,,,,,,69,C-D,1,,,,,
figure_2b_subject,2104,2104,,,,,,,,,70,C-D,1,,,,,
figure_2b_subject,2104,2104,,,,,,,,,71,C-D,0,,,,,
figure_2b_subject,2104,2104,,,,,,,,,72,C-D,0.5,,,,,
figure_2b_subject,2104,2104,,,,,,,,,73,C-D,0.6,,,,,
figure_2b_subject,2104,2104,,,,,,,,,74,C-D,1,,,,,
figure_2b_subject,2104,2104,,,,,,,,,75,C-D,0,,,,,
figure_2b_subject,2104,2104,,,,,,,,,76,C-D,1,,,,,
figure_2b_subject,2104,2104,,,,,,,,,77,C-D,0,,,,,
figure_2b_subject,2105,2105,,,,,,,,,1,C-D,0.1,,,,,
figure_2b_subject,2105,2105,,,,,,,,,2,C-D,1,,,,,
figure_2b_subject,2105,2105,,,,,,,,,3,C-D,0.6,,,,,
figure_2b_subject,2105,2105,,,,,,,,,4,C-D,1,,,,,
figure_2b_subject,2105,2105,,,,,,,,,5,C-D,0.4,,,,,
figure_2b_subject,2105,2105,,,,,,,,,6,C-D,0,,,,,
figure_2b_subject,2105,2105,,,,,,,,,7,C-D,0.2,,,,,
figure_2b_subject,2105,2105,,,,,,,,,8,C-D,1,,,,,
figure_2b_subject,2105,2105,,,,,,,,,9,C-D,0,,,,,
figure_2b_subject,2105,2105,,,,,,,,,10,C-D,1,,,,,
figure_2b_subject,2105,2105,,,,,,,,,11,C-D,1,,,,,
figure_2b_subject,2105,2105,,,,,,,,,12,C-D,1,,,,,
figure_2b_subject,2105,2105,,,,,,,,,13,C-D,1,,,,,
figure_2b_subject,2105,2105,,,,,,,,,14,C-D,0.1,,,,,
figure_2b_subject,2105,2105,,,,,,,,,16,C-D,0.8,,,,,
figure_2b_subject,2105,2105,,,,,,,,,17,C-D,0,,,,,
figure_2b_subject,2105,2105,,,,,,,,,18,C-D,0.7,,,,,
figure_2b_subject,2105,2105,,,,,,,,,19,C-D,0.9,,,,,
figure_2b_subject,2105,2105,,,,,,,,,20,C-D,1,,,,,
figure_2b_subject,2105,2105,,,,,,,,,21,C-D,0.3,,,,,
figure_2b_subject,2105,2105,,,,,,,,,22,C-D,0.1,,,,,
figure_2b_subject,2105,2105,,,,,,,,,23,C-D,1,,,,,
figure_2b_subject,2105,2105,,,,,,,,,24,C-D,1,,,,,
figure_2b_subject,2105,2105,,,,,,,,,26,C-D,1,,,,,
figure_2b_subject,2105,2105,,,,,,,,,27,C-D,0.2,,,,,
figure_2b_subject,2105,2105,,,,,,,,,28,C-D,0,,,,,
figure_2b_subject,2105,2105,,,,,,,,,29,C-D,0,,,,,
figure_2b_subject,2105,2105,,,,,,,,,30,C-D,0.2,,,,,
figure_2b_subject,2105,2105,,,,,,,,,31,C-D,1,,,,,
figure_2b_subject,2105,2105,,,,,,,,,32,C-D,0.5,,,,,
figure_2b_subject,2105,2105,,,,,,,,,33,C-D,1,,,,,
figure_2b_subject,2105,2105,,,,,,,,,34,C-D,0.9,,,,,
figure_2b_subject,2105,2105,,,,,,,,,35,C-D,0.9,,,,,
figure_2b_subject,2105,2105,,,,,,,,,36,C-D,0,,,,,
figure_2b_subject,2105,2105,,,,,,,,,37,C-D,0.5,,,,,
figure_2b_subject,2105,2105,,,,,,,,,38,C-D,0.8,,,,,
figure_2b_subject,2105,2105,,,,,,,,,40,C-D,1,,,,,
figure_2b_subject,2105,2105,,,,,,,,,41,C-D,0.6,,,,,
figure_2b_subject,2105,2105,,,,,,,,,42,C-D,0.1,,,,,
figure_2b_subject,2105,2105,,,,,,,,,43,C-D,1,,,,,
figure_2b_subject,2105,2105,,,,,,,,,44,C-D,0.3,,,,,
figure_2b_subject,2105,2105,,,,,,,,,45,C-D,1,,,,,
figure_2b_subject,2105,2105,,,,,,,,,46,C-D,1,,,,,
figure_2b_subject,2105,2105,,,,,,,,,47,C-D,0.2,,,,,
figure_2b_subject,2105,2105,,,,,,,,,48,C-D,1,,,,,
figure_2b_subject,2105,2105,,,,,,,,,49,C-D,1,,,,,
figure_2b_subject,2105,2105,,,,,,,,,50,C-D,0.2,,,,,
figure_2b_subject,2105,2105,,,,,,,,,51,C-D,0.1,,,,,
figure_2b_subject,2105,2105,,,,,,,,,52,C-D,0,,,,,
figure_2b_subject,2105,2105,,,,,,,,,53,C-D,0.5,,,,,
figure_2b_subject,2105,2105,,,,,,,,,54,C-D,1,,,,,
figure_2b_subject,2105,2105,,,,,,,,,55,C-D,1,,,,,
figure_2b_subject,2105,2105,,,,,,,,,56,C-D,0,,,,,
figure_2b_subject,2105,2105,,,,,,,,,57,C-D,0.9,,,,,
figure_2b_subject,2105,2105,,,,,,,,,59,C-D,0.4,,,,,
figure_2b_subject,2105,2105,,,,,,,,,60,C-D,0,,,,,
figure_2b_subject,2105,2105,,,,,,,,,61,C-D,0,,,,,
figure_2b_subject,2105,2105,,,,,,,,,62,C-D,0,,,,,
figure_2b_subject,2105,2105,,,,,,,,,63,C-D,0,,,,,
figure_2b_subject,2105,2105,,,,,,,,,64,C-D,0.2,,,,,
figure_2b_subject,2105,2105,,,,,,,,,65,C-D,0.5,,,,,
figure_2b_subject,2105,2105,,,,,,,,,66,C-D,0.4,,,,,
figure_2b_subject,2105,2105,,,,,,,,,67,C-D,1,,,,,
figure_2b_subject,2105,2105,,,,,,,,,68,C-D,1,,,,,
figure_2b_subject,2105,2105,,,,,,,,,69,C-D,1,,,,,
figure_2b_subject,2105,2105,,,,,,,,,70,C-D,1,,,,,
figure_2b_subject,2105,2105,,,,,,,,,71,C-D,0.2,,,,,
figure_2b_subject,2105,2105,,,,,,,,,72,C-D,0.4,,,,,
figure_2b_subject,2105,2105,,,,,,,,,73,C-D,0.6,,,,,
figure_2b_subject,2105,2105,,,,,,,,,74,C-D,1,,,,,
figure_2b_subject,2105,2105,,,,,,,,,75,C-D,0,,,,,
figure_2b_subject,2105,2105,,,,,,,,,76,C-D,1,,,,,
figure_2b_subject,2105,2105,,,,,,,,,77,C-D,0,,,,,
stable_error,human,,,,,,,,,,,,,60,0.971014492754,0.927536231884,1,69
stable_error,human,,,,,,,,,,,,,70,0.95652173913,0.898550724638,1,69
stable_error,human,,,,,,,,,,,,,80,0.913043478261,0.840579710145,0.971014492754,69
stable_error,human,,,,,,,,,,,,,90,0.884057971014,0.811594202899,0.95652173913,69
stable_error,human,,,,,,,,,,,,,100,0.782608695652,0.68115942029,0.869565217391,69
stable_error,2104,2104,,,,,,,,,,,,60,1,1,1,71
stable_error,2104,2104,,,,,,,,,,,,70,0.971830985915,0.929577464789,1,71
stable_error,2104,2104,,,,,,,,,,,,80,0.943661971831,0.887323943662,0.985915492958,71
stable_error,2104,2104,,,,,,,,,,,,90,0.929577464789,0.859154929577,0.985915492958,71
stable_error,2104,2104,,,,,,,,,,,,100,0.830985915493,0.732394366197,0.915492957746,71
stable_error,2105,2105,,,,,,,,,,,,60,0.986301369863,0.958904109589,1,73
stable_error,2105,2105,,,,,,,,,,,,70,0.972602739726,0.931506849315,1,73
stable_error,2105,2105,,,,,,,,,,,,80,0.945205479452,0.890410958904,0.986301369863,73
stable_error,2105,2105,,,,,,,,,,,,90,0.876712328767,0.794520547945,0.945205479452,73
stable_error,2105,2105,,,,,,,,,,,,100,0.780821917808,0.684931506849,0.876712328767,73
